[
  {
    "Name": "The Poetics and Politics of Alzheimer's Disease Life-Writing",
    "Description": "",
    "Authors": "Martina Zimmermann",
    "PictureUrl": "https://www.dbooks.org/img/books/3319443887s.jpg",
    "url": "https://www.dbooks.org/the-poetics-and-politics-of-alzheimers-disease-life-writing-3319443887/",
    "Price": 49,
    "QuantityInStock": 120,
    "Type": "Medical Humanities",
    "Brand": "NeuroText Press"
  },
  {
    "Name": "Contemporary Nordic Literature and Spatiality",
    "Description": "",
    "Authors": "Kristina Malmio, Kaisa Kurikka",
    "PictureUrl": "https://www.dbooks.org/img/books/3030233537s.jpg",
    "url": "https://www.dbooks.org/contemporary-nordic-literature-and-spatiality-3030233537/",
    "Price": 39,
    "QuantityInStock": 85,
    "Type": "Cultural Studies",
    "Brand": "Nordic Horizons"
  },
  {
    "Name": "Constructions of Cancer in Early Modern England",
    "Description": "Ravenous Natures",
    "Authors": "Alanna Skuse",
    "PictureUrl": "https://www.dbooks.org/img/books/1137487534s.jpg",
    "url": "https://www.dbooks.org/constructions-of-cancer-in-early-modern-england-1137487534/",
    "Price": 59,
    "QuantityInStock": 67,
    "Type": "Early Modern Literature",
    "Brand": "EarlPress Books"
  },
  {
    "Name": "Reading Breath in Literature",
    "Description": "",
    "Authors": "Arthur Rose, Stefanie Heine, Naya Tsentourou, Corinne Saunders, Peter Garratt",
    "PictureUrl": "https://www.dbooks.org/img/books/3319999486s.jpg",
    "url": "https://www.dbooks.org/reading-breath-in-literature-3319999486/",
    "Price": 44,
    "QuantityInStock": 150,
    "Type": "Literary Theory",
    "Brand": "Inhale Books"
  },
  {
    "Name": "Tellings and Texts",
    "Description": "Music, Literature and Performance in North India",
    "Authors": "Francesca Orsini, Katherine Butler Schofield",
    "PictureUrl": "https://www.dbooks.org/img/books/178374104Xs.jpg",
    "url": "https://www.dbooks.org/tellings-and-texts-178374104x/",
    "Price": 33,
    "QuantityInStock": 200,
    "Type": "Postcolonial Studies",
    "Brand": "Sitar Press"
  },
  {
    "Name": "Familial Feeling",
    "Description": "Entangled Tonalities in Early Black Atlantic Writing and the Rise of the British Novel",
    "Authors": "Elahe Haschemi Yekani",
    "PictureUrl": "https://www.dbooks.org/img/books/3030586413s.jpg",
    "url": "https://www.dbooks.org/familial-feeling-3030586413/",
    "Price": 42,
    "QuantityInStock": 90,
    "Type": "Black Literature",
    "Brand": "RootsLegacy Publishing"
  },
  {
    "Name": "Humanities World Report 2015",
    "Description": "",
    "Authors": "Poul Holm, Arne Jarrick, Dominic Scott",
    "PictureUrl": "https://www.dbooks.org/img/books/113750028Xs.jpg",
    "url": "https://www.dbooks.org/humanities-world-report-2015-113750028x/",
    "Price": 27,
    "QuantityInStock": 180,
    "Type": "Education",
    "Brand": "EduVerse"
  },
  {
    "Name": "Cyborgs in Latin America",
    "Description": "",
    "Authors": "J. Andrew Brown",
    "PictureUrl": "https://www.dbooks.org/img/books/0230109772s.jpg",
    "url": "https://www.dbooks.org/cyborgs-in-latin-america-0230109772/",
    "Price": 50,
    "QuantityInStock": 40,
    "Type": "Science Fiction",
    "Brand": "CybrFuture Press"
  },
  {
    "Name": "History and Cultural Memory in Neo-Victorian Fiction",
    "Description": "Victorian AfterPictureUrls",
    "Authors": "Kate Mitchell",
    "PictureUrl": "https://www.dbooks.org/img/books/0230283128s.jpg",
    "url": "https://www.dbooks.org/history-and-cultural-memory-in-neo-victorian-fiction-0230283128/",
    "Price": 62,
    "QuantityInStock": 30,
    "Type": "Victorian Studies",
    "Brand": "Revival Publishing"
  },
  {
    "Name": "Early Public Libraries and Colonial Citizenship in the British Southern Hemisphere",
    "Description": "",
    "Authors": "Lara Atkin, Sarah Comyn, Porscha Fermanis, Nathan Garvey",
    "PictureUrl": "https://www.dbooks.org/img/books/303020426Xs.jpg",
    "url": "https://www.dbooks.org/early-public-libraries-and-colonial-citizenship-in-the-british-southern-hemisphere-303020426x/",
    "Price": 55,
    "QuantityInStock": 120,
    "Type": "Library Studies",
    "Brand": "Bibliocraft Press"
  },
  {
    "Name": "Living with Disfigurement in Early Medieval Europe",
    "Description": "",
    "Authors": "Patricia Skinner",
    "PictureUrl": "https://www.dbooks.org/img/books/1137544392s.jpg",
    "url": "https://www.dbooks.org/living-with-disfigurement-in-early-medieval-europe-1137544392/",
    "Price": 48,
    "QuantityInStock": 75,
    "Type": "Medieval Studies",
    "Brand": "Ancient Visions Publishing"
  },
  {
    "Name": "An Anthology of London in Literature, 1558-1914",
    "Description": "Flower of Cities All",
    "Authors": "Geoffrey G. Hiller, Peter L. Groves, Alan F. Dilnot",
    "PictureUrl": "https://www.dbooks.org/img/books/3030056090s.jpg",
    "url": "https://www.dbooks.org/an-anthology-of-london-in-literature-1558-1914-3030056090/",
    "Price": 52,
    "QuantityInStock": 220,
    "Type": "Urban Studies",
    "Brand": "London's Pages"
  },
  {
    "Name": "Writing Manuals for the Masses",
    "Description": "The Rise of the Literary Advice Industry from Quill to Keyboard",
    "Authors": "Anneleen Masschelein, Dirk de Geest",
    "PictureUrl": "https://www.dbooks.org/img/books/3030536149s.jpg",
    "url": "https://www.dbooks.org/writing-manuals-for-the-masses-3030536149/",
    "Price": 31,
    "QuantityInStock": 140,
    "Type": "Writing",
    "Brand": "ScribeWorks"
  },
  {
    "Name": "Crisis and Legitimacy in Atlantic American Narratives of Piracy",
    "Description": "1678-1865",
    "Authors": "Alexandra Ganser",
    "PictureUrl": "https://www.dbooks.org/img/books/3030436233s.jpg",
    "url": "https://www.dbooks.org/crisis-and-legitimacy-in-atlantic-american-narratives-of-piracy-3030436233/",
    "Price": 47,
    "QuantityInStock": 110,
    "Type": "Historical Fiction",
    "Brand": "Pirate's Eye Books"
  },
  {
    "Name": "Value and the Humanities",
    "Description": "The Neoliberal University and Our Victorian Inheritance",
    "Authors": "Zoe Hope Bulaitis",
    "PictureUrl": "https://www.dbooks.org/img/books/3030378926s.jpg",
    "url": "https://www.dbooks.org/value-and-the-humanities-3030378926/",
    "Price": 37,
    "QuantityInStock": 180,
    "Type": "Philosophy",
    "Brand": "ThinkPress"
  },
  {
    "Name": "Architecture and the Novel under the Italian Fascist Regime",
    "Description": "",
    "Authors": "Francesca Billiani, Laura Pennacchietti",
    "PictureUrl": "https://www.dbooks.org/img/books/3030194280s.jpg",
    "url": "https://www.dbooks.org/architecture-and-the-novel-under-the-italian-fascist-regime-3030194280/",
    "Price": 62,
    "QuantityInStock": 60,
    "Type": "Architectural Studies",
    "Brand": "Fascista Press"
  },
  {
    "Name": "A World of Their Own",
    "Description": "The Japanese Public and the World of American Literature",
    "Authors": "Michael S. Lewis",
    "PictureUrl": "https://www.dbooks.org/img/books/1137445247s.jpg",
    "url": "https://www.dbooks.org/a-world-of-their-own-1137445247/",
    "Price": 48,
    "QuantityInStock": 95,
    "Type": "East Asian Studies",
    "Brand": "Sakura Publishing"
  },
  {
    "Name": "Writing the Black Diaspora",
    "Description": "African American and African Literature",
    "Authors": "Isidore Okpewho, Nkiru Nzegwu, Yemi Ogunyemi",
    "PictureUrl": "https://www.dbooks.org/img/books/3030029113s.jpg",
    "url": "https://www.dbooks.org/writing-the-black-diaspora-3030029113/",
    "Price": 41,
    "QuantityInStock": 130,
    "Type": "Black Studies",
    "Brand": "Diaspora Reads"
  },
  {
    "Name": "The Literary Afterlife of Emily Dickinson",
    "Description": "",
    "Authors": "David Shaw, Andrew C. Reiter",
    "PictureUrl": "https://www.dbooks.org/img/books/3030316823s.jpg",
    "url": "https://www.dbooks.org/the-literary-afterlife-of-emily-dickinson-3030316823/",
    "Price": 43,
    "QuantityInStock": 150,
    "Type": "American Literature",
    "Brand": "EchoReads Press"
  },
  {
    "Name": "Cities of Memory",
    "Description": "Urban Planning in the Postmodern Age",
    "Authors": "Rachel Holmes",
    "PictureUrl": "https://www.dbooks.org/img/books/3030389897s.jpg",
    "url": "https://www.dbooks.org/cities-of-memory-3030389897/",
    "Price": 50,
    "QuantityInStock": 95,
    "Type": "Urban Studies",
    "Brand": "MetroScope"
  },
  {
    "Name": "The Politics of the Humanities",
    "Description": "The Role of Cultural Institutions in Shaping Modern Society",
    "Authors": "Dr. John H. Beck",
    "PictureUrl": "https://www.dbooks.org/img/books/3319443887s.jpg",
    "url": "https://www.dbooks.org/the-politics-of-the-humanities-3319443887/",
    "Price": 55,
    "QuantityInStock": 70,
    "Type": "Political Science",
    "Brand": "CivicBook Press"
  },
  {
    "Name": "Cultural Heritage in Africa",
    "Description": "",
    "Authors": "Patricia M. Mitchell",
    "PictureUrl": "https://www.dbooks.org/img/books/1783743204s.jpg",
    "url": "https://www.dbooks.org/cultural-heritage-in-africa-1783743204/",
    "Price": 49,
    "QuantityInStock": 75,
    "Type": "Cultural Heritage",
    "Brand": "African Wisdom Publishing"
  }
]
