{
  "info": {
    "_postman_id": "a35efb08-e461-4f30-becb-0a11469b4414",
    "name": "TheBlackCatNet",
    "schema": "https://schema.getpostman.com/json/collection/v2.1.0/collection.json",
    "_exporter_id": "2726016"
  },
  "item": [
    {
      "name": "Section 2 - API Basics",
      "item": [
        {
          "name": "Get Weather Forecast",
          "request": {
            "method": "GET",
            "header": [],
            "url": {
              "raw": "{{url}}/weatherforecast",
              "host": ["{{url}}"],
              "path": ["weatherforecast"]
            }
          },
          "response": []
        },
        {
          "name": "Add Product",
          "request": {
            "method": "POST",
            "header": [],
            "body": {
              "mode": "raw",
              "raw": "{\n    \"name\": \"{{$randomProduct}}\",\n    \"description\": \"{{$randomLoremParagraph}}\",\n    \"price\": {{$randomPrice}},\n    \"pictureUrl\": \"{{$randomImageUrl}}\",\n    \"type\": \"Some type\",\n    \"brand\": \"Some brand\",\n    \"quantityInStock\": {{$randomInt}}\n}",
              "options": {
                "raw": {
                  "language": "json"
                }
              }
            },
            "url": {
              "raw": "{{url}}/api/products",
              "host": ["{{url}}"],
              "path": ["api", "products"]
            }
          },
          "response": []
        },
        {
          "name": "Get Products",
          "request": {
            "method": "GET",
            "header": [],
            "url": {
              "raw": "{{url}}/api/products",
              "host": ["{{url}}"],
              "path": ["api", "products"]
            }
          },
          "response": []
        },
        {
          "name": "Get Product",
          "request": {
            "method": "GET",
            "header": [],
            "url": {
              "raw": "{{url}}/api/products/2",
              "host": ["{{url}}"],
              "path": ["api", "products", "2"]
            }
          },
          "response": []
        },
        {
          "name": "Update Product",
          "request": {
            "method": "PUT",
            "header": [],
            "body": {
              "mode": "raw",
              "raw": "{\n    \"id\": 2,\n    \"name\": \"{{$randomProduct}} Updated\",\n    \"description\": \"{{$randomLoremParagraph}}\",\n    \"price\": {{$randomPrice}},\n    \"pictureUrl\": \"{{$randomImageUrl}}\",\n    \"type\": \"Some type\",\n    \"brand\": \"Some brand\",\n    \"quantityInStock\": {{$randomInt}}\n}",
              "options": {
                "raw": {
                  "language": "json"
                }
              }
            },
            "url": {
              "raw": "{{url}}/api/products/2",
              "host": ["{{url}}"],
              "path": ["api", "products", "2"]
            }
          },
          "response": []
        },
        {
          "name": "Delete product",
          "request": {
            "method": "DELETE",
            "header": [],
            "url": {
              "raw": "{{url}}/api/products/2",
              "host": ["{{url}}"],
              "path": ["api", "products", "2"]
            }
          },
          "response": []
        }
      ]
    },
    {
      "name": "Section 3 - Architecture",
      "item": [
        {
          "name": "Get Products",
          "request": {
            "method": "GET",
            "header": [],
            "url": {
              "raw": "{{url}}/api/products",
              "host": ["{{url}}"],
              "path": ["api", "products"]
            }
          },
          "response": []
        },
        {
          "name": "Get Product",
          "request": {
            "method": "GET",
            "header": [],
            "url": {
              "raw": "{{url}}/api/products/3",
              "host": ["{{url}}"],
              "path": ["api", "products", "3"]
            }
          },
          "response": []
        },
        {
          "name": "Get Product Brands",
          "request": {
            "method": "GET",
            "header": [],
            "url": {
              "raw": "{{url}}/api/products/brands",
              "host": ["{{url}}"],
              "path": ["api", "products", "brands"]
            }
          },
          "response": []
        },
        {
          "name": "Get Product Types",
          "request": {
            "method": "GET",
            "header": [],
            "url": {
              "raw": "{{url}}/api/products/types",
              "host": ["{{url}}"],
              "path": ["api", "products", "types"]
            }
          },
          "response": []
        },
        {
          "name": "Get Products by Brand",
          "request": {
            "method": "GET",
            "header": [],
            "url": {
              "raw": "{{url}}/api/products?brand=React",
              "host": ["{{url}}"],
              "path": ["api", "products"],
              "query": [
                {
                  "key": "brand",
                  "value": "React"
                }
              ]
            }
          },
          "response": []
        },
        {
          "name": "Get Products by Type",
          "request": {
            "method": "GET",
            "header": [],
            "url": {
              "raw": "{{url}}/api/products?type=boards",
              "host": ["{{url}}"],
              "path": ["api", "products"],
              "query": [
                {
                  "key": "type",
                  "value": "boards"
                }
              ]
            }
          },
          "response": []
        },
        {
          "name": "Get Products sorted by price asc",
          "request": {
            "method": "GET",
            "header": [],
            "url": {
              "raw": "{{url}}/api/products?sort=priceAsc",
              "host": ["{{url}}"],
              "path": ["api", "products"],
              "query": [
                {
                  "key": "sort",
                  "value": "priceAsc"
                }
              ]
            }
          },
          "response": []
        }
      ]
    },
    {
      "name": "Section 4 - Specification",
      "item": [
        {
          "name": "Get Products",
          "request": {
            "method": "GET",
            "header": [],
            "url": {
              "raw": "{{url}}/api/products",
              "host": ["{{url}}"],
              "path": ["api", "products"]
            }
          },
          "response": []
        },
        {
          "name": "Get Product",
          "request": {
            "method": "GET",
            "header": [],
            "url": {
              "raw": "{{url}}/api/products/2",
              "host": ["{{url}}"],
              "path": ["api", "products", "2"]
            }
          },
          "response": []
        },
        {
          "name": "Get Products by Brand",
          "request": {
            "method": "GET",
            "header": [],
            "url": {
              "raw": "{{url}}/api/products?brand=React",
              "host": ["{{url}}"],
              "path": ["api", "products"],
              "query": [
                {
                  "key": "brand",
                  "value": "React"
                }
              ]
            }
          },
          "response": []
        },
        {
          "name": "Get Products by Type",
          "request": {
            "method": "GET",
            "header": [],
            "url": {
              "raw": "{{url}}/api/products?type=boards",
              "host": ["{{url}}"],
              "path": ["api", "products"],
              "query": [
                {
                  "key": "type",
                  "value": "boards"
                }
              ]
            }
          },
          "response": []
        },
        {
          "name": "Get Products sorted by price asc",
          "request": {
            "method": "GET",
            "header": [],
            "url": {
              "raw": "{{url}}/api/products?sort=priceAsc",
              "host": ["{{url}}"],
              "path": ["api", "products"],
              "query": [
                {
                  "key": "sort",
                  "value": "priceAsc"
                }
              ]
            }
          },
          "response": []
        },
        {
          "name": "Get Product Brands",
          "request": {
            "method": "GET",
            "header": [],
            "url": {
              "raw": "{{url}}/api/products/brands",
              "host": ["{{url}}"],
              "path": ["api", "products", "brands"]
            }
          },
          "response": []
        },
        {
          "name": "Get Product Types",
          "request": {
            "method": "GET",
            "header": [],
            "url": {
              "raw": "{{url}}/api/products/types",
              "host": ["{{url}}"],
              "path": ["api", "products", "types"]
            }
          },
          "response": []
        }
      ]
    },
    {
      "name": "Section 5 - Paging, Sorting and Filtering",
      "item": [
        {
          "name": "Get Products by Brand",
          "request": {
            "method": "GET",
            "header": [],
            "url": {
              "raw": "{{url}}/api/products?brands=Angular,React",
              "host": ["{{url}}"],
              "path": ["api", "products"],
              "query": [
                {
                  "key": "brands",
                  "value": "Angular,React"
                }
              ]
            }
          },
          "response": []
        },
        {
          "name": "Get Products by Brand and Types",
          "request": {
            "method": "GET",
            "header": [],
            "url": {
              "raw": "{{url}}/api/products?brands=Angular,React&types=Boots,Gloves",
              "host": ["{{url}}"],
              "path": ["api", "products"],
              "query": [
                {
                  "key": "brands",
                  "value": "Angular,React"
                },
                {
                  "key": "types",
                  "value": "Boots,Gloves"
                }
              ]
            }
          },
          "response": []
        },
        {
          "name": "Get Paged Products Page 0 Size 5",
          "request": {
            "method": "GET",
            "header": [],
            "url": {
              "raw": "{{url}}/api/products?pageSize=3&pageIndex=1",
              "host": ["{{url}}"],
              "path": ["api", "products"],
              "query": [
                {
                  "key": "pageSize",
                  "value": "3"
                },
                {
                  "key": "pageIndex",
                  "value": "1"
                }
              ]
            }
          },
          "response": []
        },
        {
          "name": "GetProducts sorted by Price Ascending",
          "request": {
            "method": "GET",
            "header": [],
            "url": {
              "raw": "{{url}}/api/products?sort=priceAsc",
              "host": ["{{url}}"],
              "path": ["api", "products"],
              "query": [
                {
                  "key": "sort",
                  "value": "priceAsc"
                }
              ]
            }
          },
          "response": []
        },
        {
          "name": "GetProducts sorted by Price Descending",
          "request": {
            "method": "GET",
            "header": [],
            "url": {
              "raw": "{{url}}/api/products?sort=priceDesc",
              "host": ["{{url}}"],
              "path": ["api", "products"],
              "query": [
                {
                  "key": "sort",
                  "value": "priceDesc"
                }
              ]
            }
          },
          "response": []
        },
        {
          "name": "GetProducts with search term Copy",
          "request": {
            "method": "GET",
            "header": [],
            "url": {
              "raw": "{{url}}/api/products?search=red",
              "host": ["{{url}}"],
              "path": ["api", "products"],
              "query": [
                {
                  "key": "search",
                  "value": "red"
                }
              ]
            }
          },
          "response": []
        }
      ]
    },
    {
      "name": "Section 6 - Error Handling",
      "item": [
        {
          "name": "Get Not Found",
          "request": {
            "method": "GET",
            "header": [],
            "url": {
              "raw": "{{url}}/api/buggy/notfound",
              "host": ["{{url}}"],
              "path": ["api", "buggy", "notfound"]
            }
          },
          "response": []
        },
        {
          "name": "Get Bad Request",
          "request": {
            "method": "GET",
            "header": [],
            "url": {
              "raw": "{{url}}/api/buggy/badrequest",
              "host": ["{{url}}"],
              "path": ["api", "buggy", "badrequest"]
            }
          },
          "response": []
        },
        {
          "name": "Get Validation Error",
          "request": {
            "method": "POST",
            "header": [],
            "body": {
              "mode": "raw",
              "raw": "{\n    \"name\": \"\"\n}",
              "options": {
                "raw": {
                  "language": "json"
                }
              }
            },
            "url": {
              "raw": "{{url}}/api/buggy/validationerror",
              "host": ["{{url}}"],
              "path": ["api", "buggy", "validationerror"]
            }
          },
          "response": []
        },
        {
          "name": "Get Unauthorised",
          "request": {
            "method": "GET",
            "header": [],
            "url": {
              "raw": "{{url}}/api/buggy/unauthorized",
              "host": ["{{url}}"],
              "path": ["api", "buggy", "unauthorized"]
            }
          },
          "response": []
        },
        {
          "name": "Get Internal server error",
          "protocolProfileBehavior": {
            "disableBodyPruning": true
          },
          "request": {
            "method": "GET",
            "header": [
              {
                "key": "Content-Type",
                "value": "application/json"
              }
            ],
            "body": {
              "mode": "raw",
              "raw": "",
              "options": {
                "raw": {
                  "language": "json"
                }
              }
            },
            "url": {
              "raw": "{{url}}/api/buggy/internalerror",
              "host": ["{{url}}"],
              "path": ["api", "buggy", "internalerror"]
            }
          },
          "response": []
        },
        {
          "name": "Check Cors is enabled",
          "event": [
            {
              "listen": "test",
              "script": {
                "exec": [
                  "pm.test(\"CORS header is present\", function () {",
                  "    pm.response.to.have.header(\"Access-Control-Allow-Origin\");",
                  "    pm.expect(pm.response.headers.get(\"Access-Control-Allow-Origin\")).to.eql(\"https://localhost:4200\");",
                  "});"
                ],
                "type": "text/javascript",
                "packages": {}
              }
            }
          ],
          "request": {
            "method": "GET",
            "header": [
              {
                "key": "Origin",
                "value": "https://localhost:4200"
              }
            ],
            "url": {
              "raw": "{{url}}/api/products",
              "host": ["{{url}}"],
              "path": ["api", "products"]
            }
          },
          "response": []
        }
      ]
    },
    {
      "name": "Section 12 - Shopping cart",
      "item": [
        {
          "name": "Get Cart",
          "request": {
            "method": "GET",
            "header": [],
            "url": {
              "raw": "{{url}}/api/cart?id=cart1",
              "host": ["{{url}}"],
              "path": ["api", "cart"],
              "query": [
                {
                  "key": "id",
                  "value": "cart1"
                }
              ]
            }
          },
          "response": []
        },
        {
          "name": "Update Cart",
          "request": {
            "method": "POST",
            "header": [
              {
                "key": "Content-Type",
                "value": "application/json"
              }
            ],
            "body": {
              "mode": "raw",
              "raw": "{\n    \"id\": \"cart1\",\n    \"items\": [\n        {\n            \"productName\": \"Angular Blue Boots\",\n            \"price\": 180.00,\n            \"pictureUrl\": \"/images/products/boot-ang1.png\",\n            \"type\": \"Boots\",\n            \"brand\": \"Angular\",\n            \"productId\": 18,\n            \"quantity\": 2\n        }\n    ]\n}",
              "options": {
                "raw": {
                  "language": "json"
                }
              }
            },
            "url": {
              "raw": "{{url}}/api/cart",
              "host": ["{{url}}"],
              "path": ["api", "cart"]
            }
          },
          "response": []
        },
        {
          "name": "Delete Cart",
          "request": {
            "method": "DELETE",
            "header": [],
            "url": {
              "raw": "{{url}}/api/cart?id=cart1",
              "host": ["{{url}}"],
              "path": ["api", "cart"],
              "query": [
                {
                  "key": "id",
                  "value": "cart1"
                }
              ]
            }
          },
          "response": []
        }
      ]
    },
    {
      "name": "Section 14 - Identity",
      "item": [
        {
          "name": "Default endpoints - register",
          "event": [
            {
              "listen": "test",
              "script": {
                "exec": [""],
                "type": "text/javascript",
                "packages": {}
              }
            }
          ],
          "request": {
            "method": "POST",
            "header": [
              {
                "key": "Content-Type",
                "value": "application/json"
              }
            ],
            "body": {
              "mode": "raw",
              "raw": "{\n\t\"email\": \"test@test.com\",\n\t\"password\": \"Pa$$w0rd\"\n}",
              "options": {
                "raw": {
                  "language": "json"
                }
              }
            },
            "url": {
              "raw": "{{url}}/register",
              "host": ["{{url}}"],
              "path": ["register"]
            }
          },
          "response": []
        },
        {
          "name": "Default endpoints - login",
          "event": [
            {
              "listen": "test",
              "script": {
                "exec": [""],
                "type": "text/javascript",
                "packages": {}
              }
            }
          ],
          "request": {
            "method": "POST",
            "header": [
              {
                "key": "Content-Type",
                "value": "application/json"
              }
            ],
            "body": {
              "mode": "raw",
              "raw": "{\n\t\"email\": \"test@test.com\",\n\t\"password\": \"Pa$$w0rd\"\n}",
              "options": {
                "raw": {
                  "language": "json"
                }
              }
            },
            "url": {
              "raw": "{{url}}/login",
              "host": ["{{url}}"],
              "path": ["login"]
            }
          },
          "response": []
        },
        {
          "name": "Default endpoints - login with cookie",
          "event": [
            {
              "listen": "test",
              "script": {
                "exec": [""],
                "type": "text/javascript",
                "packages": {}
              }
            }
          ],
          "request": {
            "method": "POST",
            "header": [
              {
                "key": "Content-Type",
                "value": "application/json"
              }
            ],
            "body": {
              "mode": "raw",
              "raw": "{\n\t\"email\": \"test@test.com\",\n\t\"password\": \"Pa$$w0rd\"\n}",
              "options": {
                "raw": {
                  "language": "json"
                }
              }
            },
            "url": {
              "raw": "{{url}}/login?useCookies=true",
              "host": ["{{url}}"],
              "path": ["login"],
              "query": [
                {
                  "key": "useCookies",
                  "value": "true"
                }
              ]
            }
          },
          "response": []
        },
        {
          "name": "Login as Bob - get token",
          "event": [
            {
              "listen": "test",
              "script": {
                "exec": [""],
                "type": "text/javascript",
                "packages": {}
              }
            }
          ],
          "request": {
            "method": "POST",
            "header": [
              {
                "key": "Content-Type",
                "value": "application/json"
              }
            ],
            "body": {
              "mode": "raw",
              "raw": "{\n\t\"email\": \"tom@test.com\",\n\t\"password\": \"Pa$$w0rd\"\n}",
              "options": {
                "raw": {
                  "language": "json"
                }
              }
            },
            "url": {
              "raw": "{{url}}/api/login",
              "host": ["{{url}}"],
              "path": ["api", "login"]
            }
          },
          "response": []
        },
        {
          "name": "Login as Tom - get cookie",
          "event": [
            {
              "listen": "test",
              "script": {
                "exec": [""],
                "type": "text/javascript",
                "packages": {}
              }
            }
          ],
          "request": {
            "method": "POST",
            "header": [
              {
                "key": "Content-Type",
                "value": "application/json"
              }
            ],
            "body": {
              "mode": "raw",
              "raw": "{\n\t\"email\": \"tom@test.com\",\n\t\"password\": \"Pa$$w0rd\"\n}",
              "options": {
                "raw": {
                  "language": "json"
                }
              }
            },
            "url": {
              "raw": "{{url}}/api/login?useCookies=true",
              "host": ["{{url}}"],
              "path": ["api", "login"],
              "query": [
                {
                  "key": "useCookies",
                  "value": "true"
                }
              ]
            }
          },
          "response": []
        },
        {
          "name": "Register as Tom",
          "event": [
            {
              "listen": "test",
              "script": {
                "exec": [""],
                "type": "text/javascript",
                "packages": {}
              }
            }
          ],
          "request": {
            "method": "POST",
            "header": [
              {
                "key": "Content-Type",
                "value": "application/json"
              }
            ],
            "body": {
              "mode": "raw",
              "raw": "{\n\t\"firstName\": \"Tom\",\n    \"lastName\": \"Smith\",\n\t\"email\": \"tom@test.com\",\n\t\"password\": \"Pa$$w0rd\"\n}",
              "options": {
                "raw": {
                  "language": "json"
                }
              }
            },
            "url": {
              "raw": "{{url}}/api/account/register",
              "host": ["{{url}}"],
              "path": ["api", "account", "register"]
            }
          },
          "response": []
        },
        {
          "name": "Register with weak password",
          "event": [
            {
              "listen": "test",
              "script": {
                "exec": [""],
                "type": "text/javascript",
                "packages": {}
              }
            }
          ],
          "request": {
            "method": "POST",
            "header": [
              {
                "key": "Content-Type",
                "value": "application/json"
              }
            ],
            "body": {
              "mode": "raw",
              "raw": "{\n\t\"firstName\": \"Bob\",\n    \"lastName\": \"Bobbity\",\n\t\"email\": \"bob@test.com\",\n\t\"password\": \"letmein\"\n}",
              "options": {
                "raw": {
                  "language": "json"
                }
              }
            },
            "url": {
              "raw": "{{url}}/api/account/register",
              "host": ["{{url}}"],
              "path": ["api", "account", "register"]
            }
          },
          "response": []
        },
        {
          "name": "Login as Tom bad password",
          "request": {
            "method": "POST",
            "header": [
              {
                "key": "Content-Type",
                "value": "application/json"
              }
            ],
            "body": {
              "mode": "raw",
              "raw": "{\n\t\"email\": \"tom@test.com\",\n\t\"password\": \"BadPassword\"\n}",
              "options": {
                "raw": {
                  "language": "json"
                }
              }
            },
            "url": {
              "raw": "{{url}}/api/login",
              "host": ["{{url}}"],
              "path": ["api", "login"]
            }
          },
          "response": []
        },
        {
          "name": "Login as Tom",
          "event": [
            {
              "listen": "test",
              "script": {
                "exec": [""],
                "type": "text/javascript",
                "packages": {}
              }
            }
          ],
          "request": {
            "method": "POST",
            "header": [
              {
                "key": "Content-Type",
                "value": "application/json"
              }
            ],
            "body": {
              "mode": "raw",
              "raw": "{\n\t\"email\": \"tom@test.com\",\n\t\"password\": \"Pa$$w0rd\"\n}",
              "options": {
                "raw": {
                  "language": "json"
                }
              }
            },
            "url": {
              "raw": "{{url}}/api/login?useCookies=true",
              "host": ["{{url}}"],
              "path": ["api", "login"],
              "query": [
                {
                  "key": "useCookies",
                  "value": "true"
                }
              ]
            }
          },
          "response": []
        },
        {
          "name": "Get Secret from buggy",
          "protocolProfileBehavior": {
            "disableBodyPruning": true
          },
          "request": {
            "method": "GET",
            "header": [
              {
                "key": "Content-Type",
                "value": "application/json"
              }
            ],
            "body": {
              "mode": "raw",
              "raw": "",
              "options": {
                "raw": {
                  "language": "json"
                }
              }
            },
            "url": {
              "raw": "{{url}}/api/buggy/secret",
              "host": ["{{url}}"],
              "path": ["api", "buggy", "secret"]
            }
          },
          "response": []
        },
        {
          "name": "Get Current User",
          "protocolProfileBehavior": {
            "disableBodyPruning": true
          },
          "request": {
            "method": "GET",
            "header": [
              {
                "key": "Content-Type",
                "value": "application/json"
              }
            ],
            "body": {
              "mode": "raw",
              "raw": "",
              "options": {
                "raw": {
                  "language": "json"
                }
              }
            },
            "url": {
              "raw": "{{url}}/api/account/user-info",
              "host": ["{{url}}"],
              "path": ["api", "account", "user-info"]
            }
          },
          "response": []
        },
        {
          "name": "Logout",
          "event": [
            {
              "listen": "test",
              "script": {
                "exec": [""],
                "type": "text/javascript",
                "packages": {}
              }
            }
          ],
          "request": {
            "method": "POST",
            "header": [
              {
                "key": "Content-Type",
                "value": "application/json"
              }
            ],
            "body": {
              "mode": "raw",
              "raw": "{}",
              "options": {
                "raw": {
                  "language": "json"
                }
              }
            },
            "url": {
              "raw": "{{url}}/api/account/logout",
              "host": ["{{url}}"],
              "path": ["api", "account", "logout"]
            }
          },
          "response": []
        },
        {
          "name": "Add User Address (tom)",
          "request": {
            "method": "POST",
            "header": [
              {
                "key": "Content-Type",
                "value": "application/json"
              }
            ],
            "body": {
              "mode": "raw",
              "raw": "{\n  \"line1\": \"100 Park Lane\",\n  \"city\": \"London\",\n  \"state\": \"London\",\n  \"postalCode\": \"SW1 1BD\",\n  \"country\": \"GB\"\n}",
              "options": {
                "raw": {
                  "language": "json"
                }
              }
            },
            "url": {
              "raw": "{{url}}/api/account/address",
              "host": ["{{url}}"],
              "path": ["api", "account", "address"]
            }
          },
          "response": []
        },
        {
          "name": "Update User Address (tom)",
          "request": {
            "method": "POST",
            "header": [
              {
                "key": "Content-Type",
                "value": "application/json"
              }
            ],
            "body": {
              "mode": "raw",
              "raw": "{\n  \"line1\": \"10 The Street\",\n  \"city\": \"New York\",\n  \"state\": \"NY\",\n  \"postalCode\": \"90250\",\n  \"country\": \"US\"\n}",
              "options": {
                "raw": {
                  "language": "json"
                }
              }
            },
            "url": {
              "raw": "{{url}}/api/account/address",
              "host": ["{{url}}"],
              "path": ["api", "account", "address"]
            }
          },
          "response": []
        }
      ]
    },
    {
      "name": "Section 16 - Payments",
      "item": [
        {
          "name": "Update Cart",
          "request": {
            "method": "POST",
            "header": [
              {
                "key": "Content-Type",
                "value": "application/json"
              }
            ],
            "body": {
              "mode": "raw",
              "raw": "{\n    \"id\": \"cart1\",\n    \"items\": [\n        {\n            \"productId\": 17,\n            \"productName\": \"Angular Purple Boots\",\n            \"price\": 1,\n            \"quantity\": 2,\n            \"pictureUrl\": \"https://localhost:5001/images/products/boot-ang2.png\",\n            \"brand\": \"Angular\",\n            \"type\": \"Boots\"\n        }\n    ]\n}",
              "options": {
                "raw": {
                  "language": "json"
                }
              }
            },
            "url": {
              "raw": "{{url}}/api/cart",
              "host": ["{{url}}"],
              "path": ["api", "cart"]
            }
          },
          "response": []
        },
        {
          "name": "Create payment intent as tom",
          "request": {
            "method": "POST",
            "header": [
              {
                "key": "Content-Type",
                "value": "application/json"
              }
            ],
            "body": {
              "mode": "raw",
              "raw": "{}",
              "options": {
                "raw": {
                  "language": "json"
                }
              }
            },
            "url": {
              "raw": "{{url}}/api/payments/cart1",
              "host": ["{{url}}"],
              "path": ["api", "payments", "cart1"]
            }
          },
          "response": []
        },
        {
          "name": "Update Cart - Add payment intent details",
          "request": {
            "method": "POST",
            "header": [
              {
                "key": "Content-Type",
                "value": "application/json"
              }
            ],
            "body": {
              "mode": "raw",
              "raw": "{\n    \"id\": \"cart1\",\n    \"items\": [\n        {\n            \"productId\": 17,\n            \"productName\": \"Angular Purple Boots\",\n            \"price\": 1,\n            \"quantity\": 10,\n            \"pictureUrl\": \"https://localhost:5001/images/products/boot-ang2.png\",\n            \"brand\": \"Angular\",\n            \"type\": \"Boots\"\n        }\n    ],\n    \"deliveryMethodId\": null,\n    \"clientSecret\": \"pi_3PeYxIHV9KPhYMym0np8q7R0_secret_dq4NT9Dn3cq3rRHAWQSqnI0w2\",\n    \"paymentIntentId\": \"pi_3PeYxIHV9KPhYMym0np8q7R0\"\n}",
              "options": {
                "raw": {
                  "language": "json"
                }
              }
            },
            "url": {
              "raw": "{{url}}/api/cart",
              "host": ["{{url}}"],
              "path": ["api", "cart"]
            }
          },
          "response": []
        },
        {
          "name": "Update payment intent as bob",
          "request": {
            "method": "POST",
            "header": [
              {
                "key": "Content-Type",
                "value": "application/json",
                "type": "text"
              }
            ],
            "body": {
              "mode": "raw",
              "raw": "{}",
              "options": {
                "raw": {
                  "language": "json"
                }
              }
            },
            "url": {
              "raw": "{{url}}/api/payments/cart1",
              "host": ["{{url}}"],
              "path": ["api", "payments", "cart1"]
            }
          },
          "response": []
        },
        {
          "name": "Update User Address (tom) Copy",
          "request": {
            "method": "POST",
            "header": [
              {
                "key": "Content-Type",
                "value": "application/json"
              }
            ],
            "body": {
              "mode": "raw",
              "raw": "{\n  \"line1\": \"100 Park Lane\",\n  \"city\": \"London\",\n  \"state\": \"London\",\n  \"postalCode\": \"SW1 1BB\",\n  \"country\": \"GB\"\n}",
              "options": {
                "raw": {
                  "language": "json"
                }
              }
            },
            "url": {
              "raw": "{{url}}/api/account/address",
              "host": ["{{url}}"],
              "path": ["api", "account", "address"]
            }
          },
          "response": []
        }
      ]
    },
    {
      "name": "Section 17 - Orders",
      "item": [
        {
          "name": "Update Cart",
          "request": {
            "method": "POST",
            "header": [
              {
                "key": "Content-Type",
                "value": "application/json"
              }
            ],
            "body": {
              "mode": "raw",
              "raw": "{\n    \"id\": \"cart1\",\n    \"items\": [\n        {\n            \"productId\": 17,\n            \"productName\": \"Angular Purple Boots\",\n            \"price\": 1,\n            \"quantity\": 3,\n            \"pictureUrl\": \"/images/products/boot-ang2.png\",\n            \"brand\": \"Angular\",\n            \"type\": \"Boots\"\n        }\n    ]\n}",
              "options": {
                "raw": {
                  "language": "json"
                }
              }
            },
            "url": {
              "raw": "{{url}}/api/cart",
              "host": ["{{url}}"],
              "path": ["api", "cart"]
            }
          },
          "response": []
        },
        {
          "name": "Create payment intent",
          "request": {
            "method": "POST",
            "header": [
              {
                "key": "Content-Type",
                "value": "application/json"
              }
            ],
            "body": {
              "mode": "raw",
              "raw": "{}",
              "options": {
                "raw": {
                  "language": "json"
                }
              }
            },
            "url": {
              "raw": "{{url}}/api/payments/cart1",
              "host": ["{{url}}"],
              "path": ["api", "payments", "cart1"]
            }
          },
          "response": []
        },
        {
          "name": "Create order",
          "request": {
            "method": "POST",
            "header": [
              {
                "key": "Content-Type",
                "value": "application/json"
              }
            ],
            "body": {
              "mode": "raw",
              "raw": "{\n    \"cartId\": \"cart1\",\n    \"deliveryMethodId\": 1,\n    \"shippingAddress\": {\n        \"name\": \"Tom Smith\",\n        \"city\": \"New York\",\n        \"country\": \"US\",\n        \"line1\": \"100 Centre Street\",\n        \"line2\": null,\n        \"postalCode\": \"10013\",\n        \"state\": \"NY\"\n    },\n    \"paymentSummary\": {\n        \"brand\": \"Mastercard\",\n        \"last4\": \"4444\",\n        \"expMonth\": 12,\n        \"expYear\": 2024\n    }\n}",
              "options": {
                "raw": {
                  "language": "json"
                }
              }
            },
            "url": {
              "raw": "{{url}}/api/orders",
              "host": ["{{url}}"],
              "path": ["api", "orders"]
            }
          },
          "response": []
        },
        {
          "name": "Get Orders For User",
          "protocolProfileBehavior": {
            "disableBodyPruning": true
          },
          "request": {
            "method": "GET",
            "header": [
              {
                "key": "Content-Type",
                "value": "application/json"
              }
            ],
            "body": {
              "mode": "raw",
              "raw": "",
              "options": {
                "raw": {
                  "language": "json"
                }
              }
            },
            "url": {
              "raw": "{{url}}/api/orders",
              "host": ["{{url}}"],
              "path": ["api", "orders"]
            }
          },
          "response": []
        },
        {
          "name": "Get Order For User",
          "protocolProfileBehavior": {
            "disableBodyPruning": true
          },
          "request": {
            "method": "GET",
            "header": [
              {
                "key": "Content-Type",
                "value": "application/json"
              }
            ],
            "body": {
              "mode": "raw",
              "raw": "",
              "options": {
                "raw": {
                  "language": "json"
                }
              }
            },
            "url": {
              "raw": "{{url}}/api/orders/1",
              "host": ["{{url}}"],
              "path": ["api", "orders", "1"]
            }
          },
          "response": []
        }
      ]
    },
    {
      "name": "Section 20 - Coupons",
      "item": [
        {
          "name": "Get Coupon from code",
          "request": {
            "method": "GET",
            "header": [],
            "url": {
              "raw": "{{url}}/api/coupons/gimme10",
              "host": ["{{url}}"],
              "path": ["api", "coupons", "gimme10"]
            }
          },
          "response": []
        },
        {
          "name": "Get Invalid coupon",
          "request": {
            "method": "GET",
            "header": [],
            "url": {
              "raw": "{{url}}/api/coupons/invalidCoupon",
              "host": ["{{url}}"],
              "path": ["api", "coupons", "invalidCoupon"]
            }
          },
          "response": []
        }
      ]
    },
    {
      "name": "Section 21 - Management",
      "item": [
        {
          "name": "Login as admin",
          "request": {
            "method": "POST",
            "header": [],
            "body": {
              "mode": "raw",
              "raw": "{\n    \"email\": \"admin@test.com\",\n    \"password\": \"Pa$$w0rd\"\n}",
              "options": {
                "raw": {
                  "language": "json"
                }
              }
            },
            "url": {
              "raw": "{{url}}/api/login?useCookies=true",
              "host": ["{{url}}"],
              "path": ["api", "login"],
              "query": [
                {
                  "key": "useCookies",
                  "value": "true"
                }
              ]
            }
          },
          "response": []
        },
        {
          "name": "Get Admin Secret from buggy",
          "protocolProfileBehavior": {
            "disableBodyPruning": true
          },
          "request": {
            "method": "GET",
            "header": [
              {
                "key": "Content-Type",
                "value": "application/json"
              }
            ],
            "body": {
              "mode": "raw",
              "raw": "",
              "options": {
                "raw": {
                  "language": "json"
                }
              }
            },
            "url": {
              "raw": "{{url}}/api/buggy/admin-secret",
              "host": ["{{url}}"],
              "path": ["api", "buggy", "admin-secret"]
            }
          },
          "response": []
        },
        {
          "name": "Get Orders",
          "protocolProfileBehavior": {
            "disableBodyPruning": true
          },
          "request": {
            "method": "GET",
            "header": [
              {
                "key": "Content-Type",
                "value": "application/json"
              }
            ],
            "body": {
              "mode": "raw",
              "raw": "",
              "options": {
                "raw": {
                  "language": "json"
                }
              }
            },
            "url": {
              "raw": "{{url}}/api/admin/orders",
              "host": ["{{url}}"],
              "path": ["api", "admin", "orders"]
            }
          },
          "response": []
        },
        {
          "name": "Get Order by ID",
          "protocolProfileBehavior": {
            "disableBodyPruning": true
          },
          "request": {
            "method": "GET",
            "header": [
              {
                "key": "Content-Type",
                "value": "application/json"
              }
            ],
            "body": {
              "mode": "raw",
              "raw": "",
              "options": {
                "raw": {
                  "language": "json"
                }
              }
            },
            "url": {
              "raw": "{{url}}/api/admin/orders/2",
              "host": ["{{url}}"],
              "path": ["api", "admin", "orders", "2"]
            }
          },
          "response": []
        }
      ]
    },
    {
      "name": "Section 22 - Performance",
      "item": [
        {
          "name": "Populate cache",
          "item": [
            {
              "name": "Get Paged Products Page 0 Size 5 Copy",
              "event": [
                {
                  "listen": "test",
                  "script": {
                    "exec": [""],
                    "type": "text/javascript",
                    "packages": {}
                  }
                }
              ],
              "request": {
                "method": "GET",
                "header": [],
                "url": {
                  "raw": "{{url}}/api/products?pageSize=3&pageIndex=1",
                  "host": ["{{url}}"],
                  "path": ["api", "products"],
                  "query": [
                    {
                      "key": "pageSize",
                      "value": "3"
                    },
                    {
                      "key": "pageIndex",
                      "value": "1"
                    }
                  ]
                }
              },
              "response": []
            },
            {
              "name": "Get Products by Brand and Types Copy",
              "request": {
                "method": "GET",
                "header": [],
                "url": {
                  "raw": "{{url}}/api/products?brands=Angular,React&types=Boots,Gloves",
                  "host": ["{{url}}"],
                  "path": ["api", "products"],
                  "query": [
                    {
                      "key": "brands",
                      "value": "Angular,React"
                    },
                    {
                      "key": "types",
                      "value": "Boots,Gloves"
                    }
                  ]
                }
              },
              "response": []
            },
            {
              "name": "Get Products by Brand Copy",
              "request": {
                "method": "GET",
                "header": [],
                "url": {
                  "raw": "{{url}}/api/products?brands=Angular,React",
                  "host": ["{{url}}"],
                  "path": ["api", "products"],
                  "query": [
                    {
                      "key": "brands",
                      "value": "Angular,React"
                    }
                  ]
                }
              },
              "response": []
            },
            {
              "name": "GetProducts with search term",
              "request": {
                "method": "GET",
                "header": [],
                "url": {
                  "raw": "{{url}}/api/products?search=red",
                  "host": ["{{url}}"],
                  "path": ["api", "products"],
                  "query": [
                    {
                      "key": "search",
                      "value": "red"
                    }
                  ]
                }
              },
              "response": []
            }
          ]
        },
        {
          "name": "Add Product",
          "request": {
            "method": "POST",
            "header": [
              {
                "key": "X-XSRF-TOKEN",
                "value": "{{xsrfToken}}",
                "type": "text"
              }
            ],
            "body": {
              "mode": "raw",
              "raw": "{\n    \"name\": \"{{$randomProduct}}\",\n    \"description\": \"{{$randomLoremParagraph}}\",\n    \"price\": {{$randomPrice}},\n    \"pictureUrl\": \"https://picsum.photos/300/300\",\n    \"type\": \"Some type\",\n    \"brand\": \"Some brand\",\n    \"quantityInStock\": {{$randomInt}}\n}",
              "options": {
                "raw": {
                  "language": "json"
                }
              }
            },
            "url": {
              "raw": "{{url}}/api/products",
              "host": ["{{url}}"],
              "path": ["api", "products"]
            }
          },
          "response": []
        }
      ]
    }
  ],
  "event": [
    {
      "listen": "prerequest",
      "script": {
        "type": "text/javascript",
        "exec": [""]
      }
    },
    {
      "listen": "test",
      "script": {
        "type": "text/javascript",
        "exec": [""]
      }
    }
  ],
  "variable": [
    {
      "key": "url",
      "value": "https://localhost:5001"
    }
  ]
}
